,brand,product,price,exchange,delivery,availability,products url
0,Intern,"Intern INT-38C Acoustic Guitar Kit, With Bag, Strings, Pick And Strap, Blue","2,250",7 Days Replacement,"Thursday, Feb 3",In stock.,https://www.amazon.in/gp/slredirect/picassoRedirect.html/ref=pa_sp_atf_aps_sr_pg1_1?ie=UTF8&adId=A02998933VZX2XY7BWUWB&url=%2FIntern-INT-38C-Acoustic-Guitar-Blue%2Fdp%2FB073B5RZBV%2Fref%3Dsr_1_1_sspa%3Fkeywords%3Dguitar%26qid%3D1643496428%26sr%3D8-1-spons%26psc%3D1&qualifier=1643496428&id=7755086186830882&widgetName=sp_atf
1,Medellin,"Medellin 38"" Acoustic Guitar Blue Burst Carbon Fiber body+(Free Online Learning Course) - Durable Matt finish with handrest, strings, strap, bag, 3 Picks, capo, stand.","2,499",7 Days Replacement,"Thursday, Feb 3",In stock.,https://www.amazon.in/gp/slredirect/picassoRedirect.html/ref=pa_sp_atf_aps_sr_pg1_1?ie=UTF8&adId=A01511153OZCWK5F4EH5K&url=%2FMedellin-Acoustic-Guitar-Carbon-Learning%2Fdp%2FB09MSGMQ3Y%2Fref%3Dsr_1_2_sspa%3Fkeywords%3Dguitar%26qid%3D1643496428%26sr%3D8-2-spons%26psc%3D1&qualifier=1643496428&id=7755086186830882&widgetName=sp_atf
2,Kadence,"Kadence Frontier Jumbo Semi Acoustic Guitar With Die Cast Keys,Super Combo (Bag, 1 pack Strings, Strap, Picks, Capo, Tuner (black & stand)",,7 Days Replacement,"Thursday, Feb 10",,https://www.amazon.in/gp/slredirect/picassoRedirect.html/ref=pa_sp_atf_aps_sr_pg1_1?ie=UTF8&adId=A08084981HTZS20G3RA3O&url=%2FKadence-Frontier-Acoustic-Guitar-Equalizer%2Fdp%2FB01HRIHJWY%2Fref%3Dsr_1_3_sspa%3Fkeywords%3Dguitar%26qid%3D1643496428%26smid%3DAM04Z7MH4HSDD%26sr%3D8-3-spons%26psc%3D1&qualifier=1643496428&id=7755086186830882&widgetName=sp_atf
3,Vault,Vault ST1 Premium Electric Guitar - White,"7,599",7 Days Replacement,"Monday, Feb 7",Only 2 left in stock.,https://www.amazon.in/gp/slredirect/picassoRedirect.html/ref=pa_sp_atf_aps_sr_pg1_1?ie=UTF8&adId=A0029202230M6PN93NHJC&url=%2FVault-ST1-Premium-Electric-Guitar%2Fdp%2FB09GLYSJ8W%2Fref%3Dsr_1_4_sspa%3Fkeywords%3Dguitar%26qid%3D1643496428%26sr%3D8-4-spons%26psc%3D1&qualifier=1643496428&id=7755086186830882&widgetName=sp_atf
4,Juarez,"Juarez Acoustic Guitar, 38 Inch Curved Body Cutaway, 38CUR with Bag, Strings, Pick and Strap, Black","2,190",7 Days Replacement,"Friday, Feb 4",In stock.,https://www.amazon.in/Juarez-Acoustic-Guitar-Cutaway-Strings/dp/B076QHZ4HZ/ref=sr_1_5?keywords=guitar&qid=1643496428&sr=8-5
5,Juârez,"Juârez Acoustic Guitar, 38 Inch Cutaway, 038C with Bag, Strings, Pick and Strap, Black","2,649",7 Days Replacement,"Thursday, Feb 3",In stock.,https://www.amazon.in/Juarez-Acoustic-Cutaway-038C-Strings/dp/B017NPCSLI/ref=sr_1_6?keywords=guitar&qid=1643496428&sr=8-6
6,Intern,"Intern INT-38C Acoustic Guitar Kit, With Bag, Strings, Pick And Strap, Black","2,350",7 Days Replacement,"Thursday, Feb 3",In stock.,https://www.amazon.in/Intern-INT-38C-Acoustic-Guitar-Black/dp/B073B6TQQY/ref=sr_1_7?keywords=guitar&qid=1643496428&sr=8-7
7,Intern,Intern 38C Cutaway Design Black Acoustic Guitar with Picks & Carry Bag,"2,090",7 Days Replacement,"Friday, Feb 4",In stock.,https://www.amazon.in/Intern-38-inch-Cutaway-Design-Acoustic/dp/B07X4PN85R/ref=sr_1_8?keywords=guitar&qid=1643496428&sr=8-8
8,JUAREZ,"JUAREZ JRZ38C Right Handed Acoustic Guitar with Bag, Strings, Pick and Strap (Natural, 6 Strings)","2,649",7 Days Replacement,"Friday, Feb 4",In stock.,https://www.amazon.in/JUAREZ-JRZ38C-Acoustic-Natural-Strings/dp/B01FYYTDWC/ref=sr_1_9?keywords=guitar&qid=1643496428&sr=8-9
9,Medellin,"Medellin 38"" Acoustic Guitar Blue Burst Carbon Fiber body+(Free Online Learning Course) - Durable Matt finish with handrest, strings, strap, bag, 3 Picks, capo, stand.","2,499",7 Days Replacement,"Thursday, Feb 3",In stock.,https://www.amazon.in/Medellin-Acoustic-Guitar-Carbon-Learning/dp/B09MSGMQ3Y/ref=sr_1_10?keywords=guitar&qid=1643496428&sr=8-10
10,Juarez,"Juarez Acoustic Guitar Kit, 38 Inch Cutaway, 38C with Bag, Strings, Pick and Strap, TBS Transparent Blue Sunburst","2,649",7 Days Replacement,"Sunday, Feb 6",In stock.,https://www.amazon.in/JUAREZ-JRZ38C-Acoustic-Sunburst-Strings/dp/B01FYYTDS6/ref=sr_1_11?keywords=guitar&qid=1643496428&sr=8-11
11,Juarez,"Juarez Acoustic Guitar Kit, 38 Inch Cutaway, 38C with Bag, Strings, Pick and Strap, 3TS Sunburst","2,599",7 Days Replacement,"Thursday, Feb 3",In stock.,https://www.amazon.in/JUAREZ-JRZ38C-Acoustic-Sunburst-Strings/dp/B01FYYTDTU/ref=sr_1_12?keywords=guitar&qid=1643496428&sr=8-12
12,Kadence,"Kadence Frontier guitar with Online Guitar learning course, Wine Red Acoustic Guitar with Die Cast Keys, Set of Strings, Strap, Picks and Bag (Wine Red, Acoustic)",,7 Days Replacement,"Thursday, Feb 3",,https://www.amazon.in/Kadence-Frontier-Acoustic-Guitar-Strings/dp/B01GDZ46AA/ref=sr_1_13?keywords=guitar&qid=1643496428&smid=AM04Z7MH4HSDD&sr=8-13
13,Hovner,"Hovner 215 Black F-Cut Rosewood Fretboard Acoustic Guitar With Bag,Strap,1 Set of Extra Strings and 2 Picks By K-Retail","4,280",7 Days Replacement,"Thursday, Feb 3",In stock.,https://www.amazon.in/Rosewood-Fretboard-Acoustic-Strings-K-Retail/dp/B07KLG8C4P/ref=sr_1_14?keywords=guitar&qid=1643496428&sr=8-14
14,Intern,"Intern INT-38C-BK-G Cutaway Right Handed Acoustic Guitar Kit, With Bag, Strings, Pick And Strap (Black, 6 Strings)","2,190",7 Days Replacement,"Friday, Feb 4",In stock.,https://www.amazon.in/Intern-INT-38C-BK-G-Guitar-Kit-Black/dp/B07K9497RC/ref=sr_1_15?keywords=guitar&qid=1643496428&sr=8-15
15,Juârez,"Juârez JRZ38C/WH 6 Strings Acoustic Guitar 38 Inch Cutaway, Right Handed, White with Bag, Strings, Picks and Strap","2,649",7 Days Replacement,"Friday, Feb 4",In stock.,https://www.amazon.in/Ju%C3%A2rez-JRZ38C-WH-Strings-Acoustic/dp/B072MFK4L6/ref=sr_1_16?keywords=guitar&qid=1643496428&sr=8-16
16,Henrix,"Henrix 38 Acoustic Guitar with Die-cast Tuners and Dual-action Truss Rod - Includes Picks, Bag, Strings, Strap, Polishing Cloth and String Winder","2,999",7 Days Replacement,"Monday, Feb 7",In stock.,https://www.amazon.in/Henrix-Acoustic-Guitar-Die-cast-Dual-action/dp/B07VHRWV4R/ref=sr_1_17?keywords=guitar&qid=1643496428&sr=8-17
17,Henrix,"Henrix 38C 38 inch Cutaway Acoustic Guitar with Dual Action Truss Rod, Gigbag, Picks, String Set, Strap, Cloth & Ebook","2,999",7 Days Replacement,"Monday, Feb 7",In stock.,https://www.amazon.in/Henrix-Cutaway-Acoustic-Die-cast-Dual-action/dp/B07VHSCGCG/ref=sr_1_18?keywords=guitar&qid=1643496428&sr=8-18
18,Kordz,"Kordz Luana Natural Wooden 41 Inch Rosewood Fretboard Acoustic Guitar With Bag,Strap,1 Set of Extra Strings and 2 Picks","3,690",7 Days Replacement,"Thursday, Feb 3",In stock.,https://www.amazon.in/Kordz-Luana-Natural-Rosewood-Fretboard/dp/B07V4Y1V9M/ref=sr_1_19?keywords=guitar&qid=1643496428&sr=8-19
19,Medellin,Medellin MED-BLU-C Linden Wood Acoustic Guitar,,7 Days Replacement,"Wednesday, Feb 9",,https://www.amazon.in/Medellin-MED-BLU-C-Linden-Acoustic-Guitar/dp/B07NBMWHJW/ref=sr_1_20?keywords=guitar&qid=1643496428&smid=A3HL8HT148CJU9&sr=8-20
20,HOMME,HOMME STORE 4 String Guitar Children's Musical Instrument Educational Toy Guitar Ukulele Instruments Beginner Musical Sound Toys Best Gift for Children,999,7 Days Replacement,Feb 4 - 10,In stock.,https://www.amazon.in/gp/slredirect/picassoRedirect.html/ref=pa_sp_mtf_aps_sr_pg1_1?ie=UTF8&adId=A0781470356P60BY9NFAO&url=%2FHOMME-STORE-Instrument-Educational-Instruments%2Fdp%2FB09MM9NBZC%2Fref%3Dsr_1_21_sspa%3Fkeywords%3Dguitar%26qid%3D1643496428%26sr%3D8-21-spons%26psc%3D1&qualifier=1643496428&id=7755086186830882&widgetName=sp_mtf
21,VD,VD ENTERPRISE String Acoustic Guitar | Adjustable Tunning Knob | Classical Guitar Toy | Musical Instrument Learning Toy for Kids,"1,199",7 Days Replacement,Feb 4 - 10,In stock.,https://www.amazon.in/gp/slredirect/picassoRedirect.html/ref=pa_sp_mtf_aps_sr_pg1_1?ie=UTF8&adId=A06233216DI6EST708AM&url=%2FVD-ENTERPRISE-Adjustable-Classical-Instrument%2Fdp%2FB08S323L6W%2Fref%3Dsr_1_22_sspa%3Fkeywords%3Dguitar%26qid%3D1643496428%26sr%3D8-22-spons%26psc%3D1&qualifier=1643496428&id=7755086186830882&widgetName=sp_mtf
22,Blueberry,"Blueberry B-40 IN, Trussrod Acoustic Guitar Kit with Bag,Belt, One Pack Strings & Picks (Blue)","3,990",7 Days Replacement,"Tuesday, Feb 8",In stock.,https://www.amazon.in/gp/slredirect/picassoRedirect.html/ref=pa_sp_mtf_aps_sr_pg1_1?ie=UTF8&adId=A09212683BIYKUF9IIKAZ&url=%2FBlueberry-Acoustic-Guitar-Strings-Picks%2Fdp%2FB08L51YW38%2Fref%3Dsr_1_23_sspa%3Fkeywords%3Dguitar%26qid%3D1643496428%26sr%3D8-23-spons%26psc%3D1&qualifier=1643496428&id=7755086186830882&widgetName=sp_mtf
23,Juârez,"Juârez Acoustic Guitar, 38 Inch Cutaway, JRZ38C with Bag, Strings, Pick and Strap, Red","2,649",7 Days Replacement,"Thursday, Feb 3",In stock.,https://www.amazon.in/JUAREZ-JRZ38C-Handed-Acoustic-Strings/dp/B01FYYTDW2/ref=sr_1_24?keywords=guitar&qid=1643496428&sr=8-24
24,Juarez,"Juarez Acoustic Guitar, 38 Inch Cutaway with Pick Guard, 38CPG with Bag, Strings, Pick and Strap, Black","2,543",7 Days Replacement,"Sunday, Feb 6",In stock.,https://www.amazon.in/Juarez-Acoustic-Guitar-Cutaway-Strings/dp/B075XMRKMY/ref=sr_1_25?keywords=guitar&qid=1643496428&sr=8-25
25,Medellin,"Medellin 38"" Acoustic Guitar Black Carbon Fiber Body with FREE Online LEARNING COURSE- MDCF38BK Durable Matt finish Body for beginners with handrest, set of Strings, Strap, Bag, 3 Picks, Capo, Guitar Wall Hanging Stand and Free GUITAR LEARNING COURSE (Special Learning Combo with Guitar)","2,499",7 Days Replacement,"Thursday, Feb 3",In stock.,https://www.amazon.in/Medellin-Acoustic-LEARNING-MDCF38BK-beginners/dp/B09MSGQQWX/ref=sr_1_26?keywords=guitar&qid=1643496428&sr=8-26
26,Medellin,"Medellin 38"" Acoustic Guitar Red Carbon Fiber Body with FREE Online LEARNING COURSE Durable Matt finish Body for beginners with handrest, set of Strings, Strap, Bag, 3 Picks, Capo, Guitar Wall Hanging Stand and Free GUITAR LEARNING COURSE (Special Learning Combo with Guitar)",,7 Days Replacement,"Sunday, Feb 6",,https://www.amazon.in/Medellin-Acoustic-LEARNING-beginners-handrest/dp/B09MSGVCDV/ref=sr_1_27?keywords=guitar&qid=1643496428&smid=AM04Z7MH4HSDD&sr=8-27
27,Juarez,"Juarez Acoustic Guitar, [ LEFT HANDED] 38 Inch Cutaway, 38CL/BK with Bag, Strings, Pick and Strap, Black","2,649",7 Days Replacement,"Friday, Feb 4",In stock.,https://www.amazon.in/Juarez-Acoustic-Cutaway-BK-Strings/dp/B076T3RHMG/ref=sr_1_28?keywords=guitar&qid=1643496428&sr=8-28
28,Medellin,"Medellin 38"" Carbon Fiber Acoustic Guitar with free specailized learning course- MDCF38BK Durable Carbon Fiber Matt Brown finish Body for beginners with handrest, set of Strings, Strap, Bag, 3 Picks, Capo, Guitar Wall Hanging Stand and Free GUITAR LEARNING COURSE (Special Learning Combo with Guitar)",,7 Days Replacement,"Thursday, Feb 3",,https://www.amazon.in/Medellin-Acoustic-specailized-learning-beginners/dp/B09MSKKHJC/ref=sr_1_29?keywords=guitar&qid=1643496428&smid=AM04Z7MH4HSDD&sr=8-29
29,Medellin,"Medellin 38"" Carbon Fiber Acoustic Guitar with free specailized learning course- MDCF38BK Heavy Weighted Carbon Fiber Matt White finish Body for beginners with handrest, set of Strings, Strap, Bag, 3 Picks, Capo, Guitar Wall Hanging Stand and Free GUITAR LEARNING COURSE (Special Learning Combo with Guitar)","2,499",7 Days Replacement,"Thursday, Feb 3",In stock.,https://www.amazon.in/Medellin-Acoustic-specailized-learning-beginners/dp/B09MSFP7JK/ref=sr_1_30?keywords=guitar&qid=1643496428&sr=8-30
30,Medellin,"Medellin 38"" Carbon Fiber Acoustic Guitar with free specailized learning course- MDCF38BK Durable Carbon Fiber Matt Sunburst finish Body for beginners with handrest, set of Strings, Strap, Bag, 3 Picks, Capo, Guitar Wall Hanging Stand and Free GUITAR LEARNING COURSE (Special Learning Combo with Guitar)",,7 Days Replacement,"Thursday, Feb 3",,https://www.amazon.in/Medellin-Acoustic-specailized-learning-beginners/dp/B09MSGN39M/ref=sr_1_31?keywords=guitar&qid=1643496428&smid=AM04Z7MH4HSDD&sr=8-31
31,Juarez,"Juarez Acoustic Guitar, [LEFT HANDED] 96.52 cm (38 Inch) Cutaway, 38CL/3TS with Bag, Strings, Pick and Strap, 3TS Sunburst","2,649",7 Days Replacement,"Thursday, Feb 3",In stock.,https://www.amazon.in/Acoustic-Cutaway-3TS-Strings-Sunburst/dp/B098BD1MHM/ref=sr_1_32?keywords=guitar&qid=1643496428&sr=8-32
32,Medellin,"Medellin 38"" Carbon Fiber Acoustic Guitar with free specailized learning course- MDCF38BK Durable Carbon Fiber Matt Pink finish Body for beginners with handrest, set of Strings, Strap, Bag, 3 Picks, Capo, Guitar Wall Hanging Stand and Free GUITAR LEARNING COURSE (Special Learning Combo with Guitar)",,7 Days Replacement,"Sunday, Feb 6",,https://www.amazon.in/Medellin-Acoustic-specailized-learning-beginners/dp/B09MSH3RY1/ref=sr_1_33?keywords=guitar&qid=1643496428&smid=AM04Z7MH4HSDD&sr=8-33
33,Medellin,"Medellin 38"" Carbon Fiber Acoustic Guitar with free specailized learning course- MDCF38BK Durable Carbon Fiber Matt Purple finish Body for beginners with handrest, set of Strings, Strap, Bag, 3 Picks, Capo, Guitar Wall Hanging Stand and Free GUITAR LEARNING COURSE (Special Learning Combo with Guitar)","2,190",7 Days Replacement,-,,https://www.amazon.in/Medellin-Acoustic-specailized-learning-beginners/dp/B09MSGPQ43/ref=sr_1_34?keywords=guitar&qid=1643496428&sr=8-34
34,JUAREZ,JUAREZ Acoustic Guitar 3xE 1st String & 2 Pick Set JRGSE32,85,7 Days Replacement,"Thursday, Feb 3",In stock.,https://www.amazon.in/JUAREZ-Acoustic-Guitar-String-JRGSE32/dp/B08MW1WPW5/ref=sr_1_35?keywords=guitar&qid=1643496428&sr=8-35
35,KREEPO,KREEPO Guitar Fretboard Sticker Fingerboard Frets Note Chart Decals Stickers Beginner Learner Acoustic-Electric Guitar Multicolor(9.1cm X 14.5cm),249,7 Days Replacement,"Sunday, Feb 6",In stock.,https://www.amazon.in/KREEPO-Fretboard-Fingerboard-Acoustic-Electric-Multicolor/dp/B09DWY4ZK2/ref=sr_1_36?keywords=guitar&qid=1643496428&sr=8-36
36,HRB,"HRB MUSICALS® 50 Pcs Guitar String Tool Kit Including 3 Guitar Strings SET, 1 Guitar Tuner, 15 Picks, 1 black Capo with Pins remover, 1 pick holder, 12 Guitar pins, 1 guitar Cutter and 1 Winder",899,7 Days Replacement,"Tuesday, Feb 8",In stock.,https://www.amazon.in/MUSICALS%C2%AE-Guitar-Including-Strings-remover/dp/B082Q6C28F/ref=sr_1_37?keywords=guitar&qid=1643496428&sr=8-37
37,Mustang,Mustang 46 PCS Guitar Strings Changing Kit Guitar Tool Kit Including Guitar Strings Guitar Tuner Picks Capo Pins Guitar String Cutter and Winder for Beginner,899,7 Days Replacement,"Tuesday, Feb 15",In stock.,https://www.amazon.in/Mustang-Strings-Changing-Including-Beginner/dp/B07S19LGLR/ref=sr_1_38?keywords=guitar&qid=1643496428&sr=8-38
38,TECHBLAZE,TECHBLAZE Acoustic Guitar Tuning Peg Keys 3R+3L Guitar Machine Heads Knobs with Strap Button Locks Semi-Closed Locks Keys with Gears Screw Set (Silver 6 Pcs),499,7 Days Replacement,-,In stock.,https://www.amazon.in/TECHBLAZE-Acoustic-Guitar-Machine-Semi-Closed/dp/B09PHCM48P/ref=sr_1_39?keywords=guitar&qid=1643496428&sr=8-39
39,Techblaze,"Techblaze 22 Pcs Guitar Kit Set Guitar Strings Changing Kit Guitar Tool Kit with 6 Strings, 12 Multicolored Picks, 1 Guitar Capo, 1 String Winder 1 String Cutter, 1 Guitar Tuner for Acoustic Guitars",769,7 Days Replacement,-,In stock.,https://www.amazon.in/Techblaze-Strings-Changing-Multicolored-Acoustic/dp/B08L64C7LX/ref=sr_1_40?keywords=guitar&qid=1643496428&sr=8-40
40,JUAREZ,"JUAREZ JRZ38CTR/BK 38 Inch Acoustic Guitar with Dual Action Truss Rod, Bag, Picks, Allen Key, Extra String Set, Black","3,179",7 Days Replacement,"Thursday, Feb 3",In stock.,https://www.amazon.in/JUAREZ-JRZ38CTR-BK-Acoustic-Guitar/dp/B08FTZK7H8/ref=sr_1_41?keywords=guitar&qid=1643496428&sr=8-41
41,YAMAHA,YAMAHA FS80C NATURAL CONCERT CUTAWAY GUITAR,"7,400",7 Days Replacement,"Sunday, Feb 6",In stock.,https://www.amazon.in/YAMAHA-NATURAL-CONCERT-CUTAWAY-GUITAR/dp/B08KW4DRKL/ref=sr_1_42?keywords=guitar&qid=1643496428&sr=8-42
42,Pack,Pack of 2 Universal Guitar Stand by Hola! Music Fits Acoustic Classical Electric Bass Guitars Mandolins Banjos Ukuleles and Other Stringed Instruments,999,7 Days Replacement,"Wednesday, Feb 9",In stock.,https://www.amazon.in/Universal-Acoustic-Classical-Mandolins-Instruments/dp/B08XBRNC7T/ref=sr_1_43?keywords=guitar&qid=1643496428&sr=8-43
43,Kadence,"Kadence Guitar Acoustica Series, Electric Acoustic Guitar, Ash Wood with Pickup and Inbuilt tuner (Ash Wood, Electro Acoustic)",,7 Days Replacement,"Thursday, Feb 3",,https://www.amazon.in/Kadence-Acoustica-Ash-Wood-Equlizer/dp/B0757H5P13/ref=sr_1_44?keywords=guitar&qid=1643496428&smid=AM04Z7MH4HSDD&sr=8-44
44,Givson,"Givson Venus Special Cutaway Rosewood 41 Inch Acoustic Guitar Kit With Cover/Bag, String Set, Strap and 5 Plectrums (BLACK)","4,199",7 Days Replacement,"Thursday, Feb 17",In stock.,https://www.amazon.in/Givson-Ketostics-Guitar-Acoustic-Plectrums/dp/B08KS5MRSC/ref=sr_1_45?keywords=guitar&qid=1643496428&sr=8-45
45,Blueberry,"Blueberry B-D38, 38"" Acoustic Guitar Kit Inbuilt Truss Rod with Bag, Strap, One Pack Strings And Picks (Black)","2,795",7 Days Replacement,"Tuesday, Feb 8",In stock.,https://www.amazon.in/Blueberry-B-D38-Acoustic-Inbuilt-Strings/dp/B07PGV8VCB/ref=sr_1_46?keywords=guitar&qid=1643496428&sr=8-46
46,TECHBLAZE,TECHBLAZE Acoustic Guitar Keys for Guitar Chrome Tuning Pegs Keys 3 Left 3 Right Guitar Machine Heads Knobs with Strap Button Locks Guitar Keys 3R+3L – 6 Pieces,589,7 Days Replacement,-,In stock.,https://www.amazon.in/TECHBLAZE-Acoustic-Guitar-Chrome-Machine/dp/B09DVZB62J/ref=sr_1_47?keywords=guitar&qid=1643496428&sr=8-47
47,Kadence,"Kadence Guitar Frontier Series, Electric Acoustic Black Guitar With EQ, Die Cast Keys, Set of Strings, Strap, Picks and Bag (Black EQ, Electric Acoustic)",,7 Days Replacement,"Thursday, Feb 3",,https://www.amazon.in/Kadence-Frontier-Acoustic-Guitar-Strings/dp/B078GTJP5Y/ref=sr_1_48?keywords=guitar&qid=1643496428&smid=AM04Z7MH4HSDD&sr=8-48
48,Perlman,"Perlman Guitar Fretboard, Fingerboard Stickers, Decals Tool for Learner Or Beginner",399,7 Days Replacement,"Friday, Feb 11",In stock.,https://www.amazon.in/Perlman-Fretboard-Fingerboard-Stickers-Beginner/dp/B096ZDSWJ4/ref=sr_1_50?keywords=guitar&qid=1643496428&sr=8-50
49,N,"N M Signature Natural Wooden 41 Inch Rosewood Fretboard Acoustic Guitar With Bag, 1 Set of Extra Strings and 3 Picks","2,999",7 Days Replacement,"Monday, Feb 14",Only 1 left in stock.,https://www.amazon.in/Signature-Natural-Rosewood-Fretboard-Acoustic/dp/B09QJ4PX5Z/ref=sr_1_51?keywords=guitar&qid=1643496428&sr=8-51
50,Vault,"Vault EA-20 Learn to Play Kit with Bag, Strings, Straps, Picks, String winder & Polishing Cloth - 40 inch Cutaway Acoustic Guitar","4,699",7 Days Replacement,"Sunday, Feb 6",In stock.,https://www.amazon.in/Strings-Straps-String-winder-Polishing/dp/B07RV9FJ2Z/ref=sr_1_52?keywords=guitar&qid=1643496428&sr=8-52
51,Kadence,Kadence Acoustica 34” Acoustic Guitar A03 with bag,"5,248",7 Days Replacement,"Thursday, Feb 10",In stock.,https://www.amazon.in/Kadence-Acoustica-Acoustic-Guitar-A03/dp/B08WCTFVT9/ref=sr_1_53?keywords=guitar&qid=1643496428&sr=8-53
52,HRB,HRB MUSICALS combo guitar stand & guitar bag NON PADDED,589,7 Days Replacement,"Tuesday, Feb 8",In stock.,https://www.amazon.in/HRB-MUSICALS-combo-guitar-PADDED/dp/B07Y5PHNLW/ref=sr_1_54?keywords=guitar&qid=1643496428&sr=8-54
53,Kadence,"Kadence Frontier Jumbo Semi Acoustic Guitar With Die Cast Keys,Super Combo (Bag, 1 pack Strings, Strap, Picks, Capo, Tuner (black & stand)",,7 Days Replacement,"Thursday, Feb 10",,https://www.amazon.in/Kadence-Frontier-Acoustic-Guitar-Equalizer/dp/B01HRIHJWY/ref=sr_1_55?keywords=guitar&qid=1643496428&smid=AM04Z7MH4HSDD&sr=8-55
54,Kadence,"Kadence Frontier guitar with Online Guitar learning course, Wine Red Acoustic Guitar with Die Cast Keys, Set of Strings, Strap, Picks and Bag (Wine Red, Acoustic)",,7 Days Replacement,"Thursday, Feb 3",,https://www.amazon.in/gp/slredirect/picassoRedirect.html/ref=pa_sp_btf_aps_sr_pg1_1?ie=UTF8&adId=A061107531TUGN5RHMV0N&url=%2FKadence-Frontier-Acoustic-Guitar-Strings%2Fdp%2FB01GDZ46AA%2Fref%3Dsr_1_56_sspa%3Fkeywords%3Dguitar%26qid%3D1643496428%26smid%3DAM04Z7MH4HSDD%26sr%3D8-56-spons%26psc%3D1%26smid%3DAM04Z7MH4HSDD&qualifier=1643496428&id=7755086186830882&widgetName=sp_btf
55,Vault,Vault ST1 Strat Style 6 String Electric Guitar- Black,"7,599",7 Days Replacement,"Monday, Feb 7",In stock.,https://www.amazon.in/gp/slredirect/picassoRedirect.html/ref=pa_sp_btf_aps_sr_pg1_1?ie=UTF8&adId=A0029482XKFIOSOSJEC6&url=%2FVault-Strat-String-Electric-Guitar%2Fdp%2FB08F2BJC5W%2Fref%3Dsr_1_57_sspa%3Fkeywords%3Dguitar%26qid%3D1643496428%26sr%3D8-57-spons%26psc%3D1&qualifier=1643496428&id=7755086186830882&widgetName=sp_btf
56,Cort,"Cort AD810 Dreadnought Acoustic Guitar with Gig Bag,Tuner,Picks and Strap (Natural Bundle)","10,250",7 Days Replacement,"Monday, Feb 7",In stock.,https://www.amazon.in/gp/slredirect/picassoRedirect.html/ref=pa_sp_btf_aps_sr_pg1_1?ie=UTF8&adId=A08790022Y5TKL7GOFMBU&url=%2FCort-AD810-Dreadnought-Acoustic-Guitar%2Fdp%2FB07KMBVR6V%2Fref%3Dsr_1_58_sspa%3Fkeywords%3Dguitar%26qid%3D1643496428%26sr%3D8-58-spons%26psc%3D1&qualifier=1643496428&id=7755086186830882&widgetName=sp_btf
57,Kadence,"Kadence Guitar Acoustica Series, Electric Acoustic Guitar, Ash Wood with Pickup and Inbuilt tuner (Ash Wood, Electro Acoustic)",,7 Days Replacement,"Thursday, Feb 3",,https://www.amazon.in/gp/slredirect/picassoRedirect.html/ref=pa_sp_btf_aps_sr_pg1_1?ie=UTF8&adId=A00547791XCM5N3Y9O4JP&url=%2FKadence-Acoustica-Ash-Wood-Equlizer%2Fdp%2FB0757H5P13%2Fref%3Dsr_1_59_sspa%3Fkeywords%3Dguitar%26qid%3D1643496428%26smid%3DAM04Z7MH4HSDD%26sr%3D8-59-spons%26psc%3D1%26smid%3DAM04Z7MH4HSDD&qualifier=1643496428&id=7755086186830882&widgetName=sp_btf
58,Fender,"Fender Acoustic Guitar SA135C Cutaway Right Handed With Sponge Bag, Belt & Plectrums Combo Pack (NT)","9,999",7 Days Replacement,"Tuesday, Feb 8",In stock.,https://www.amazon.in/gp/slredirect/picassoRedirect.html/ref=pa_sp_btf_aps_sr_pg1_1?ie=UTF8&adId=A0544978F06P2T5UJ5R5&url=%2FFender-Acoustic-Guitar-Cutaway-Plectrums%2Fdp%2FB092FT4SX6%2Fref%3Dsr_1_60_sspa%3Fkeywords%3Dguitar%26qid%3D1643496428%26sr%3D8-60-spons%26psc%3D1&qualifier=1643496428&id=7755086186830882&widgetName=sp_btf
59,Intern,"Intern INT-38C Acoustic Guitar Kit, With Bag, Strings, Pick And Strap, Red","2,250",7 Days Replacement,"Friday, Feb 4",In stock.,https://www.amazon.in/gp/slredirect/picassoRedirect.html/ref=pa_sp_atf_next_aps_sr_pg2_1?ie=UTF8&adId=A02995811VPYGSSLL1JHO&url=%2FIntern-INT-38C-Acoustic-Guitar-Kit%2Fdp%2FB073B6TF31%2Fref%3Dsr_1_49_sspa%3Fkeywords%3Dguitar%26qid%3D1643496436%26sr%3D8-49-spons%26psc%3D1&qualifier=1643496436&id=5944990918092834&widgetName=sp_atf_next
60,Vault,Vault ST1 Premium Electric Guitar - Metallic Blue,"7,599",7 Days Replacement,"Monday, Feb 7",In stock.,https://www.amazon.in/gp/slredirect/picassoRedirect.html/ref=pa_sp_atf_next_aps_sr_pg2_1?ie=UTF8&adId=A00296381A0XDXY5G4MB9&url=%2FVault-ST1-Premium-Electric-Guitar%2Fdp%2FB09GLYTF76%2Fref%3Dsr_1_50_sspa%3Fkeywords%3Dguitar%26qid%3D1643496436%26sr%3D8-50-spons%26psc%3D1&qualifier=1643496436&id=5944990918092834&widgetName=sp_atf_next
61,Kadence,"Kadence Frontier Jumbo Semi Acoustic Guitar With Die Cast Keys Super Combo (Bag, 1 pack Strings, Strap, Picks, Capo, Tuner (natural)",,7 Days Replacement,"Wednesday, Feb 9",,https://www.amazon.in/gp/slredirect/picassoRedirect.html/ref=pa_sp_atf_next_aps_sr_pg2_1?ie=UTF8&adId=A0046612372SWJAK5T57D&url=%2FKadence-Frontier-Acoustic-Equalizer-Strings%2Fdp%2FB01HRIHH9E%2Fref%3Dsr_1_51_sspa%3Fkeywords%3Dguitar%26qid%3D1643496436%26smid%3DAM04Z7MH4HSDD%26sr%3D8-51-spons%26psc%3D1&qualifier=1643496436&id=5944990918092834&widgetName=sp_atf_next
62,Vault,Vault ST1 Strat Style 6 String Electric Guitar- Metallic Blue,"7,599",7 Days Replacement,"Monday, Feb 7",In stock.,https://www.amazon.in/gp/slredirect/picassoRedirect.html/ref=pa_sp_atf_next_aps_sr_pg2_1?ie=UTF8&adId=A04098222EU7P1SKDZ9AA&url=%2FVault-String-Electric-Guitar-Metallic%2Fdp%2FB08F2JDPWR%2Fref%3Dsr_1_52_sspa%3Fkeywords%3Dguitar%26qid%3D1643496436%26sr%3D8-52-spons%26psc%3D1&qualifier=1643496436&id=5944990918092834&widgetName=sp_atf_next
63,Blueberry,"Blueberry 38C, 38"" Acoustic Guitar Kit with Bag, Strap, One Pack Strings And Picks (Black)","2,695",7 Days Replacement,"Tuesday, Feb 8",In stock.,https://www.amazon.in/Blueberry-38C-Acoustic-Guitar-Strings/dp/B08KLMV4XX/ref=sr_1_53?keywords=guitar&qid=1643496436&sr=8-53
64,LME,"LME Laxmi Musical Electronics - Acoustic Pickup for Violin, Veena, Guitar, Mandolin, Banjo and All Acoustic String Instruments",599,7 Days Replacement,"Friday, Feb 4",In stock.,https://www.amazon.in/Laxmi-Musical-Electronics-Acoustic-Instruments/dp/B08X4KD6P1/ref=sr_1_54?keywords=guitar&qid=1643496436&sr=8-54
65,SG,SG Musical - Guitar Cable | Amplifier Cable,490,7 Days Replacement,"Saturday, Feb 12",In stock.,https://www.amazon.in/SG-Musical-Guitar-Cable-Amplifier/dp/B09R73DF54/ref=sr_1_55?keywords=guitar&qid=1643496436&sr=8-55
66,Hovner,"Hovner Carlton Orange 6-String Right Hand Acoustic Semi-Electric Guitar,special Quality Rosewood Fretboard with Bag and free 1 Set String, 2 Picks.","3,999",7 Days Replacement,"Thursday, Feb 3",Only 1 left in stock.,https://www.amazon.in/6-String-Acoustic-Semi-Electric-Rosewood-Fretboard/dp/B08ZN1CKKT/ref=sr_1_56?keywords=guitar&qid=1643496436&sr=8-56
67,JUAREZ,"JUAREZ Fiésta 41 Inch Acoustic Guitar Cutaway with Dual Action Truss Rod, 21 Frets Rosewood Fretboard & Bridge, Padded 5mm Cotton Bag, Cotton Strap, 2 Picks, Allen Key, Extra String Set, 3TS Sunburst","4,009",7 Days Replacement,"Sunday, Feb 6",In stock.,https://www.amazon.in/JUAREZ-Acoustic-Rosewood-Fretboard-3TS/dp/B08GZXNSBG/ref=sr_1_57?keywords=guitar&qid=1643496436&sr=8-57
68,Givson,"Givson Venus Special Cutaway Rosewood 41 Inch Acoustic Guitar Kit with Bag, Rhythm String Set, Strap and 5 Plectrums, (Red)","3,999",7 Days Replacement,"Thursday, Feb 17",In stock.,https://www.amazon.in/Givson-Ketostics-VS-RED-Acoustic-Plectrums/dp/B08KS2N1H9/ref=sr_1_58?keywords=guitar&qid=1643496436&sr=8-58
69,Giuson,"Giuson Venus Black 41 Inch Rosewood Fretboard Acoustic Guitar With Bag,Strap,1 Set of Extra Strings and 2 Picks by K-Retail","3,795",7 Days Replacement,"Thursday, Feb 3",In stock.,https://www.amazon.in/Giuson-Venus-Black-Acoustic-Strings/dp/B089GNM189/ref=sr_1_59?keywords=guitar&qid=1643496436&sr=8-59
70,Kadence,"Kadence Frontier Series,Black Acoustic Guitar With Die Cast Keys Combo (Bag,strap,strings and 3 picks)","4,999",7 Days Replacement,"Thursday, Feb 10",In stock.,https://www.amazon.in/Kadence-Frontier-Acoustic-Guitar-Strings/dp/B01CJJG328/ref=sr_1_60?keywords=guitar&qid=1643496436&sr=8-60
71,Mustang,"Mustang Guitar Accessories Kit - Stand, Clip-on Tuner, Strap, Capo, 4 Assorted Picks, Holder - For Acoustic and Electric Instruments - Great Gift For Beginners and Advanced Players",899,7 Days Replacement,"Tuesday, Feb 15",In stock.,https://www.amazon.in/Mustang-Guitar-Accessories-Kit-Clip/dp/B07RY9KNVK/ref=sr_1_61?keywords=guitar&qid=1643496436&sr=8-61
72,Techblaze,"Techblaze Digital Guitar Tuner with Three Picks, Digital Calibration Tuner with LCD Display for Guitar Easy to Use Highly Accurate Clip-on Electronic Tuner Specialized for Acoustic and Electric Guitar",348,7 Days Replacement,-,In stock.,https://www.amazon.in/Techblaze-Calibration-Accurate-Electronic-Specialized/dp/B08334S5FD/ref=sr_1_62?keywords=guitar&qid=1643496436&sr=8-62
73,Belear,"Belear I-280-WBL Couturier 38 Inch Blue Cutaway Acoustic Guitar With Bag,and Picks","2,999",7 Days Replacement,"Monday, Feb 7",In stock.,https://www.amazon.in/Belear-I-280-WBL-Couturier-Cutaway-Acoustic/dp/B092JBJDKF/ref=sr_1_63?keywords=guitar&qid=1643496436&sr=8-63
74,Juarez,"Juarez Acoustic Guitar, 38 Inch Cutaway, 38CMB with Bag, Strings, Pick and Strap, Matte Black","2,438",7 Days Replacement,"Sunday, Feb 6",In stock.,https://www.amazon.in/Juarez-Acoustic-Guitar-Cutaway-Strings/dp/B084VRCCN7/ref=sr_1_64?keywords=guitar&qid=1643496436&sr=8-64
75,Intern,"Intern INT-38C-L-NT Left Hand Acoustic Guitar Kit (Natural) with Carry bag, string set, picks and strap","2,771",7 Days Replacement,"Sunday, Feb 6",In stock.,https://www.amazon.in/Intern-INT-38C-L-NT-Acoustic-Guitar-Natural/dp/B07J4PVDHG/ref=sr_1_65?keywords=guitar&qid=1643496436&sr=8-65
76,Yamaha,"Yamaha F280 Acoustic Guitar, Tobacco Brown Sunburst","6,937",7 Days Replacement,-,,https://www.amazon.in/Yamaha-Acoustic-Guitar-Tobacco-Sunburst/dp/B08VXR74Q2/ref=sr_1_66?keywords=guitar&qid=1643496436&sr=8-66
77,Yamaha,"Yamaha FS100C Acoustic Guitar, Black","9,312",7 Days Replacement,"Friday, Feb 4",In stock.,https://www.amazon.in/Yamaha-FS-100C-6-String-Acoustic-without/dp/B00PAS9CK6/ref=sr_1_67?keywords=guitar&qid=1643496436&sr=8-67
78,TECHBLAZE,TECHBLAZE 6 Pcs Guitar Keys for Acoustic Guitar Chrome Tuning Pegs Keys 3 Left 3 Right Guitar Machine Heads Knobs With Strap Button Locks Guitar Keys 3R+3L 6 pieces- Chrome,589,7 Days Replacement,-,In stock.,https://www.amazon.in/TECHBLAZE-Guitar-Acoustic-Machine-pieces/dp/B098XG2QQ9/ref=sr_1_68?keywords=guitar&qid=1643496436&sr=8-68
79,Blueberry,"Blueberry B-D38 38"" Acoustic Guitar Kit Inbuilt Truss Rod with Bag, Strap, One Pack Strings And Picks (Blue)","2,655",7 Days Replacement,"Tuesday, Feb 8",In stock.,https://www.amazon.in/gp/slredirect/picassoRedirect.html/ref=pa_sp_mtf_aps_sr_pg2_1?ie=UTF8&adId=A09304761BJ4HHENOFOGA&url=%2FBlueberry-B-D38-Acoustic-Inbuilt-Strings%2Fdp%2FB07PHYZZP1%2Fref%3Dsr_1_69_sspa%3Fkeywords%3Dguitar%26qid%3D1643496436%26sr%3D8-69-spons%26psc%3D1&qualifier=1643496436&id=5944990918092834&widgetName=sp_mtf
80,P,P M H Music and Lights Guitar Toy/Rockband Musical Instrument Guitar Toy,999,7 Days Replacement,"Friday, Feb 11",In stock.,https://www.amazon.in/gp/slredirect/picassoRedirect.html/ref=pa_sp_mtf_aps_sr_pg2_1?ie=UTF8&adId=A0199847HYYQ6E3C18IN&url=%2FMusic-Lights-Rockband-Musical-Instrument%2Fdp%2FB09LYRQRWX%2Fref%3Dsr_1_70_sspa%3Fkeywords%3Dguitar%26qid%3D1643496436%26sr%3D8-70-spons%26psc%3D1&qualifier=1643496436&id=5944990918092834&widgetName=sp_mtf
81,Kadence,"Kadence Guitar Acoustica Series, 41” Jumbo Size 6-strings Acoustic Guitar, Spruce body with Pick Guard A311 with bag","7,348",7 Days Replacement,"Sunday, Feb 6",In stock.,https://www.amazon.in/gp/slredirect/picassoRedirect.html/ref=pa_sp_mtf_aps_sr_pg2_1?ie=UTF8&adId=A02055132SF64AM9MYQQ8&url=%2FKadence-6-strings-Acoustic-Guitar-Natural%2Fdp%2FB07JKYWGJN%2Fref%3Dsr_1_71_sspa%3Fkeywords%3Dguitar%26qid%3D1643496436%26sr%3D8-71-spons%26psc%3D1%26smid%3DAM04Z7MH4HSDD&qualifier=1643496436&id=5944990918092834&widgetName=sp_mtf
82,Ketostics,"Ketostics Givson Venus Special Guitar Combo (BLUE) Acoustic Guitar With Cover/Bag, Rhythm String Set, Strap and 5 Plectrums","3,999",7 Days Replacement,"Friday, Feb 11",In stock.,https://www.amazon.in/gp/slredirect/picassoRedirect.html/ref=pa_sp_mtf_aps_sr_pg2_1?ie=UTF8&adId=A046303910WLNDR9F58L6&url=%2FKetostics-Givson-Special-Acoustic-Plectrums%2Fdp%2FB09P51C43J%2Fref%3Dsr_1_72_sspa%3Fkeywords%3Dguitar%26qid%3D1643496436%26sr%3D8-72-spons%26psc%3D1&qualifier=1643496436&id=5944990918092834&widgetName=sp_mtf
83,Kadence,"Kadence Guitar Acoustica Series A05, Electric Acoustic Guitar, Zebra Wood with Pickup, Inbuilt tuner and Bag (Zebra Wood, Electro Acoustic)",,7 Days Replacement,"Sunday, Feb 6",,https://www.amazon.in/Kadence-Acoustica-Acoustic-Guitar-Zebra/dp/B07KXNKLJ2/ref=sr_1_73?keywords=guitar&qid=1643496436&smid=AM04Z7MH4HSDD&sr=8-73
84,Guitar,Guitar Cable | Amplifier Cable - SG Musical,490,7 Days Replacement,"Saturday, Feb 12",In stock.,https://www.amazon.in/Guitar-Cable-Amplifier-SG-Musical/dp/B09R71YP1X/ref=sr_1_74?keywords=guitar&qid=1643496436&sr=8-74
85,CVANU,CVANU Guitar Fretboard Sticker Fingerboard Frets Note Chart Decals Stickers Beginner Learner Acoustic-Electric Guitar Size(9.1cm X 14.5cm) Multicolor,299,7 Days Replacement,"Tuesday, Feb 8",Only 2 left in stock.,https://www.amazon.in/CVANU-Fretboard-Fingerboard-Acoustic-Electric-Multicolor/dp/B09FXMY35Q/ref=sr_1_75?keywords=guitar&qid=1643496436&sr=8-75
86,Medellin,"Medellin 38in Premium All Wood Acoustic Guitar Starter Kit (Blue, Super Combo Combo with Bag, Strap, Picks, String Set, Tuner, Stand, Capo)","3,299",7 Days Replacement,"Wednesday, Feb 9",In stock.,https://www.amazon.in/Medellin-Premium-Acoustic-Guitar-Starter/dp/B099MSYF1H/ref=sr_1_76?keywords=guitar&qid=1643496436&sr=8-76
87,Giuson,"Giuson Venus Rosewood Acoustic Guitar With Bag,Strap,1 Set of Extra Strings and 2 Picks","3,990",7 Days Replacement,"Thursday, Feb 3",Only 1 left in stock.,https://www.amazon.in/Giuson-Venus-Rosewood-Acoustic-Strings/dp/B09FFL198X/ref=sr_1_77?keywords=guitar&qid=1643496436&sr=8-77
88,Yamaha,"Yamaha F280 Acoustic Guitar, Natural With Bajaao Gig Bag","6,937",7 Days Replacement,-,,https://www.amazon.in/Yamaha-Acoustic-Guitar-Natural-Bajaao/dp/B08RMP2F6Z/ref=sr_1_78?keywords=guitar&qid=1643496436&sr=8-78
89,Vault,"Vault EA20CE 40 Inch Cutaway Electro Acoustic Guitar With Bag, Strings, Straps, Picks, String Winder, Polishing Cloth & Ebook","5,499",7 Days Replacement,"Monday, Feb 7",In stock.,https://www.amazon.in/Cutaway-Electro-Acoustic-Strings-Polishing/dp/B093VHQZGD/ref=sr_1_79?keywords=guitar&qid=1643496436&sr=8-79
90,Festra,"Festra 38C, 38 Inch Acoustic Guitar Kit with Bag, Strap, One Pack Strings And 2 Picks (Black)","2,695",7 Days Replacement,"Tuesday, Feb 8",In stock.,https://www.amazon.in/Festra-Acoustic-Guitar-Strap-Strings/dp/B09JTR6N53/ref=sr_1_80?keywords=guitar&qid=1643496436&sr=8-80
91,Festra,"Festra 38C, 38"" Acoustic Guitar Kit with Bag, Strap, One Pack Strings And Picks (Redburst)","2,695",7 Days Replacement,"Tuesday, Feb 8",In stock.,https://www.amazon.in/Festra-Acoustic-Guitar-Strings-Redburst/dp/B09NK1FBDY/ref=sr_1_81?keywords=guitar&qid=1643496436&sr=8-81
92,Pluto,Pluto HW34-101 34inch Baby Acoustic Guitar (Red),"4,105",7 Days Replacement,"Monday, Feb 7",In stock.,https://www.amazon.in/Pluto-HW34-101-34inch-Acoustic-Guitar/dp/B08VN9SRHC/ref=sr_1_82?keywords=guitar&qid=1643496436&sr=8-82
93,Yamaha,"Yamaha F310 Acoustic Guitar, Tobacco Brown Sunburst","8,502",7 Days Replacement,-,,https://www.amazon.in/Yamaha-Acoustic-Guitar-Tobacco-Sunburst/dp/B08Z35ZR9Y/ref=sr_1_83?keywords=guitar&qid=1643496436&sr=8-83
94,Aria,Aria FET M2 Meranti Thin-Body Cutaway Acoustic Guitar - Ironwood Fretboard,"4,999",7 Days Replacement,-,,https://www.amazon.in/Aria-Meranti-Thin-Body-Cutaway-Acoustic/dp/B08NYBFFWL/ref=sr_1_84?keywords=guitar&qid=1643496436&sr=8-84
95,Ketostics,"Ketostics Givson Venus Special Guitar Combo (Sunburst) Acoustic Guitar With Cover/Bag, Rhythm String Set, Strap and 5 Plectrums","3,999",7 Days Replacement,"Friday, Feb 11",In stock.,https://www.amazon.in/Ketostics-Special-Sunburst-Acoustic-Plectrums/dp/B09P51XHRK/ref=sr_1_85?keywords=guitar&qid=1643496436&sr=8-85
96,PLEASURE,"PLEASURE UNICORN NATURAL,6-String,Right Hand, Acoustic Semi-Electric Guitar, Rosewood Fretboard with Bag and Free 1set String,2 Picks.","3,549",7 Days Replacement,"Thursday, Feb 3",In stock.,https://www.amazon.in/PLEASURE-UNICORN-6-String-Semi-Electric-Fretboard/dp/B09KRKXTR8/ref=sr_1_86?keywords=guitar&qid=1643496436&sr=8-86
97,Kadence,"Kadence Slowhand Premium Jumbo Semi Acoustic Guitar with Heavy Padded Bag, guitar cable, Pro Capo and Guitar stand (Black Spruce Wood)",,7 Days Replacement,"Thursday, Feb 3",,https://www.amazon.in/Kadence-Slowhand-Premium-Acoustic-Instrument/dp/B077SZ667X/ref=sr_1_87?keywords=guitar&qid=1643496436&smid=AM04Z7MH4HSDD&sr=8-87
98,PennyCreek,PennyCreek 6 Pieces Semiclosed Tuners Tuning Pegs with Accs for Electric Acoustic Guitars,475,7 Days Replacement,"Wednesday, Feb 9",In stock.,https://www.amazon.in/PennyCreek-Semiclosed-Pegs-Electric-Acoustic/dp/B07MQ1WGFF/ref=sr_1_88?keywords=guitar&qid=1643496436&sr=8-88
99,Yamaha,Yamaha Classical Guitar C40//02,"6,499",7 Days Replacement,-,,https://www.amazon.in/Yamaha-Classical-Guitar-C40-02/dp/B003UGCUFE/ref=sr_1_89?keywords=guitar&qid=1643496436&sr=8-89
100,KREEPO,KREEPO Guitar Fretboard Sticker Fingerboard Embossed Carved Decals Stickers (Trapezium Design) With Brown Color(5cm X 17cm),299,7 Days Replacement,"Tuesday, Feb 8",In stock.,https://www.amazon.in/KREEPO-Fretboard-Fingerboard-Embossed-Trapezium/dp/B09DWZS1JZ/ref=sr_1_90?keywords=guitar&qid=1643496436&sr=8-90
101,Kordz,"Kordz Luana Black Matt Rosewood Fretboard Acoustic Guitar With Bag,Strap,1 Set of Extra Strings and 2 Picks","3,690",7 Days Replacement,"Thursday, Feb 3",Only 1 left in stock.,https://www.amazon.in/Kordz-Rosewood-Fretboard-Acoustic-Strings/dp/B09FFLT66K/ref=sr_1_91?keywords=guitar&qid=1643496436&sr=8-91
102,"Granada,","Granada, Acoustic Guitar, Cutaway, Medium PRS-1-FC -Vintage Sunburst","5,700",7 Days Replacement,"Monday, Feb 7",In stock.,https://www.amazon.in/Granada-Acoustic-PRS-1-FC-Vintage-Sunburst/dp/B08YYGDVBH/ref=sr_1_92?keywords=guitar&qid=1643496436&sr=8-92
103,Clapton,"Clapton Jumbo Black Cutaway Acoustic Guitar With Bag,Strap,1 Set of Extra Strings and 2 Picks","3,990",7 Days Replacement,"Thursday, Feb 3",In stock.,https://www.amazon.in/Clapton-Jumbo-Cutaway-Acoustic-Strings/dp/B093ZPYRJV/ref=sr_1_93?keywords=guitar&qid=1643496436&sr=8-93
104,BHAL,BHAL Guitar Instrument toy,785,7 Days Replacement,"Saturday, Feb 12",In stock.,https://www.amazon.in/BHAL-112-Guitar-Instrument-toy/dp/B09B13SWPV/ref=sr_1_94?keywords=guitar&qid=1643496436&sr=8-94
105,JUAREZ,"JUAREZ JRZ-ST01M- 3TS ELECTRIC GUITAR (SUN BURST) 3TS & Solid Maple wood fingerboards, sunburst","5,759",7 Days Replacement,"Sunday, Feb 6",In stock.,https://www.amazon.in/JUAREZ-JRZ-ST01M-ELECTRIC-fingerboards-sunburst/dp/B08QNTL9YM/ref=sr_1_95?keywords=guitar&qid=1643496436&sr=8-95
106,Kordz,"Kordz Luana Blue 41 Inch Rosewood Fretboard Acoustic Guitar With Bag,Strap,1 Set of Extra Strings and 2 Picks","3,690",7 Days Replacement,"Thursday, Feb 3",Only 1 left in stock.,https://www.amazon.in/Kordz-Luana-Rosewood-Fretboard-Acoustic/dp/B09FFM9VSH/ref=sr_1_96?keywords=guitar&qid=1643496436&sr=8-96
107,Yamaha,Yamaha FS80C The Ultimate Concert Body Cutaway Acoustic Guitar (Black) With Bajaao Gig-Bag,"7,470",7 Days Replacement,-,,https://www.amazon.in/Ultimate-Concert-Cutaway-Acoustic-Bajaao/dp/B08WHWKKV5/ref=sr_1_97?keywords=guitar&qid=1643496436&sr=8-97
108,DEVICE,DEVICE OF URBAN INFOTECH 360 degree Rotational Electronic Highly Accurate Clip-on Digital Tuner Easy to Use for Acoustic and Electric Guitar Bass Violin Ukulele with Picks(Design May Vary),349,7 Days Replacement,-,In stock.,https://www.amazon.in/DEVICE-URBAN-INFOTECH-Rotational-Electronic/dp/B081LG3X5H/ref=sr_1_98?keywords=guitar&qid=1643496436&sr=8-98
109,Medellin,"Medellin 38in Premium All Wood Acoustic Guitar Starter Kit Combo with Bag, Strap, Picks, String Set (Black)",,7 Days Replacement,"Wednesday, Feb 9",,https://www.amazon.in/Medellin-MED-BLK-C-Linden-Acoustic-Guitar/dp/B07NBMNZS2/ref=sr_1_99?keywords=guitar&qid=1643496436&smid=A3HL8HT148CJU9&sr=8-99
110,"41""das","41""das musical acoustic venus guitar. cover, string, belt, 2plectrums.","3,490",7 Days Replacement,"Monday, Feb 14",In stock.,https://www.amazon.in/musical-acoustic-venus-guitar-2plectrums/dp/B08NFYQSXD/ref=sr_1_100?keywords=guitar&qid=1643496436&sr=8-100
111,"Granada,","Granada, Acoustic Guitar, Cutaway, Medium PRS-1-FC -Black","5,700",7 Days Replacement,"Sunday, Feb 6",In stock.,https://www.amazon.in/Granada-Acoustic-Cutaway-PRS-1-FC-Black/dp/B08YYH2GH8/ref=sr_1_101?keywords=guitar&qid=1643496436&sr=8-101
112,Giuson,"Giuson Venus Blue Rosewood Fretboard Acoustic Guitar With Bag,Strap,1 Set of Extra Strings and 2 Picks","3,790",7 Days Replacement,"Thursday, Feb 3",In stock.,https://www.amazon.in/Giuson-Venus-Rosewood-Fretboard-Acoustic/dp/B08J49K2ZY/ref=sr_1_102?keywords=guitar&qid=1643496436&sr=8-102
113,Belear,Belear I-280 38 Inch Blue Spruce Cutaway Acoustic Guitar with Truss Rod,"2,999",7 Days Replacement,"Monday, Feb 14",Only 1 left in stock.,https://www.amazon.in/Belear-Spruce-Cutaway-Acoustic-Guitar/dp/B08YKDMY8D/ref=sr_1_103?keywords=guitar&qid=1643496436&sr=8-103
114,Givson,"Givson Venus Special Cutaway Rosewood 41 Inch Acoustic Guitar Kit with Bag, Rhythm String Set, Strap and 5 Plectrums, (Sunburst)","3,999",7 Days Replacement,"Thursday, Feb 17",In stock.,https://www.amazon.in/Givson-Ketostics-SUNBRUST-Acoustic-Plectrums/dp/B08KS4F33Q/ref=sr_1_104?keywords=guitar&qid=1643496436&sr=8-104
115,Fender,"Fender SA105CE Electric Acoustic Guitar With Bag, Belt & Plectrums Combo Pack (BK)","12,999",7 Days Replacement,"Tuesday, Feb 8",In stock.,https://www.amazon.in/gp/slredirect/picassoRedirect.html/ref=pa_sp_btf_aps_sr_pg2_1?ie=UTF8&adId=A0545658KSQTAJYKS1TD&url=%2FFender-SA105CE-Electric-Acoustic-Plectrums%2Fdp%2FB08P8KQ87F%2Fref%3Dsr_1_105_sspa%3Fkeywords%3Dguitar%26qid%3D1643496436%26sr%3D8-105-spons%26psc%3D1&qualifier=1643496436&id=5944990918092834&widgetName=sp_btf
116,Cort,"Cort AD810 Acoustic Guitar With Padded Bag, Belt, Plectrums Complete Pack (BKS)","11,999",7 Days Replacement,"Tuesday, Feb 8",Only 2 left in stock.,https://www.amazon.in/gp/slredirect/picassoRedirect.html/ref=pa_sp_btf_aps_sr_pg2_1?ie=UTF8&adId=A0206023HUA3EMTRH5Z2&url=%2FCort-Acoustic-Guitar-Plectrums-Complete%2Fdp%2FB089KV1FR1%2Fref%3Dsr_1_106_sspa%3Fkeywords%3Dguitar%26qid%3D1643496436%26sr%3D8-106-spons%26psc%3D1&qualifier=1643496436&id=5944990918092834&widgetName=sp_btf
117,GUITAR,"GUITAR BRO - COMBO (Black Acoustic Guitar for Beginner, Guitar Learning Kit, Song Book, Video Lectures, Accessories like Pick, Bag)","6,499",7 Days Replacement,Feb 4 - 8,In stock.,https://www.amazon.in/gp/slredirect/picassoRedirect.html/ref=pa_sp_btf_aps_sr_pg2_1?ie=UTF8&adId=A087933837LQ4BBEWM3H5&url=%2FGUITAR-BRO-Acoustic-Beginner-Accessories%2Fdp%2FB07T84GC8L%2Fref%3Dsr_1_107_sspa%3Fkeywords%3Dguitar%26qid%3D1643496436%26sr%3D8-107-spons%26psc%3D1&qualifier=1643496436&id=5944990918092834&widgetName=sp_btf
118,Honestum,"Honestum 4-string acoustic guitar learning kids toy, brown 18-Multi color",949,7 Days Replacement,Feb 4 - 10,In stock.,https://www.amazon.in/gp/slredirect/picassoRedirect.html/ref=pa_sp_btf_aps_sr_pg2_1?ie=UTF8&adId=A05298849YF7RYDP43JI&url=%2FHonestum-4-string-acoustic-learning-18-Multi%2Fdp%2FB096XFNBK6%2Fref%3Dsr_1_108_sspa%3Fkeywords%3Dguitar%26qid%3D1643496436%26sr%3D8-108-spons%26psc%3D1&qualifier=1643496436&id=5944990918092834&widgetName=sp_btf
119,Intern,"Intern INT-38C Acoustic Guitar Kit (Sunburst) with Carry bag, Picks, Strings set and Guitar Strap, Small","2,250",7 Days Replacement,"Friday, Feb 4",In stock.,https://www.amazon.in/gp/slredirect/picassoRedirect.html/ref=pa_sp_atf_next_aps_sr_pg3_1?ie=UTF8&adId=A02997932VCFLSA4P1JHR&url=%2FIntern-INT-38C-Acoustic-Guitar-Sunburst%2Fdp%2FB073B5MJRM%2Fref%3Dsr_1_97_sspa%3Fkeywords%3Dguitar%26qid%3D1643496441%26sr%3D8-97-spons%26psc%3D1&qualifier=1643496441&id=2575150352854928&widgetName=sp_atf_next
120,Vault,Vault ST1 Premium Electric Guitar - Sunburst,"7,599",7 Days Replacement,"Monday, Feb 7",In stock.,https://www.amazon.in/gp/slredirect/picassoRedirect.html/ref=pa_sp_atf_next_aps_sr_pg3_1?ie=UTF8&adId=A0029302939VFBJS6BAK&url=%2FVault-ST1-Premium-Electric-Guitar%2Fdp%2FB09GM1N58H%2Fref%3Dsr_1_98_sspa%3Fkeywords%3Dguitar%26qid%3D1643496441%26sr%3D8-98-spons%26psc%3D1&qualifier=1643496441&id=2575150352854928&widgetName=sp_atf_next
121,Blueberry,"Blueberry B-D38, 38"" Acoustic Guitar Kit inbuilt Truss Rod with Bag, Strap, One Pack Strings And Picks","2,655",7 Days Replacement,"Tuesday, Feb 8",In stock.,https://www.amazon.in/gp/slredirect/picassoRedirect.html/ref=pa_sp_atf_next_aps_sr_pg3_1?ie=UTF8&adId=A09214242532QN4Q6HML3&url=%2FBlueberry-B-D38-Acoustic-inbuilt-Strings%2Fdp%2FB07PCRZ1CD%2Fref%3Dsr_1_99_sspa%3Fkeywords%3Dguitar%26qid%3D1643496441%26sr%3D8-99-spons%26psc%3D1%26smid%3DA3HCWE0HCT5KDF&qualifier=1643496441&id=2575150352854928&widgetName=sp_atf_next
122,Blueberry,"Blueberry 38C, 38"" Acoustic Guitar Kit with Bag, Strap, One Pack Strings And Picks (Redburst)","2,695",7 Days Replacement,"Thursday, Feb 10",In stock.,https://www.amazon.in/gp/slredirect/picassoRedirect.html/ref=pa_sp_atf_next_aps_sr_pg3_1?ie=UTF8&adId=A0929896JJN1K4S6C6AB&url=%2FBlueberry-Acoustic-Guitar-Strings-Redburst%2Fdp%2FB09N9R525J%2Fref%3Dsr_1_100_sspa%3Fkeywords%3Dguitar%26qid%3D1643496441%26sr%3D8-100-spons%26psc%3D1&qualifier=1643496441&id=2575150352854928&widgetName=sp_atf_next
123,Yamaha,"Yamaha FS100C Acoustic Guitar, Natural","9,990",7 Days Replacement,"Sunday, Feb 6",In stock.,https://www.amazon.in/Yamaha-FS100C-Acoustic-Guitars-Natural/dp/B00QKD79QE/ref=sr_1_101?keywords=guitar&qid=1643496441&sr=8-101
124,SONIA,SONIA MUSICALS 6pcs Semiclosed Tuners Tuning Pegs with Accs for Electric Acoustic Guitars,"1,050",7 Days Replacement,"Friday, Feb 11",In stock.,https://www.amazon.in/SONIA-MUSICALS-Semiclosed-Electric-Acoustic/dp/B08THWMXMW/ref=sr_1_102?keywords=guitar&qid=1643496441&sr=8-102
125,Yamaha,"Yamaha F310 Acoustic Guitar, Natural","8,502",7 Days Replacement,"Sunday, Feb 6",In stock.,https://www.amazon.in/Yamaha-F310-Acoustic-Guitar-Natural/dp/B08Z3C1GRM/ref=sr_1_103?keywords=guitar&qid=1643496441&sr=8-103
126,Blueberry,"Blueberry B-D38, 38 Inch Acoustic Guitar Kit Inbuilt Truss Rod with Bag, Strap, One Pack Strings And Picks (Sunburst)","2,795",7 Days Replacement,"Tuesday, Feb 8",In stock.,https://www.amazon.in/Blueberry-B-D38-Acoustic-Inbuilt-Sunburst/dp/B08LNP8KGS/ref=sr_1_104?keywords=guitar&qid=1643496441&sr=8-104
127,JUAREZ,"JUAREZ 96.52 cm (38 Inch) Acoustic Guitar with Dual Action Truss Rod, Bag, Picks, Allen Key, Extra String Set, 3TS Sunburst","3,024",7 Days Replacement,"Thursday, Feb 3",In stock.,https://www.amazon.in/JUAREZ-Acoustic-Guitar-3TS-Sunburst/dp/B08FV1KHTT/ref=sr_1_105?keywords=guitar&qid=1643496441&sr=8-105
128,JUAREZ,"JUAREZ Arpéggio 104.14 cm (41 Inch) Acoustic Guitar Kit, Spruce Top, Black","5,358",7 Days Replacement,"Sunday, Feb 6",In stock.,https://www.amazon.in/JUAREZ-Arp%C3%A9ggio-Acoustic-Guitar-Spruce/dp/B08KGCFXKP/ref=sr_1_106?keywords=guitar&qid=1643496441&sr=8-106
129,D'Addario,"D'Addario EZ900 Acoustic Guitar Strings, Pack of 2",705,7 Days Replacement,-,,https://www.amazon.in/DAddario-EZ900-Acoustic-Guitar-Strings/dp/B016BPK3QI/ref=sr_1_107?keywords=guitar&qid=1643496441&sr=8-107
130,Yamaha,"Yamaha F310, 6-Strings Acoustic Guitar, Natural","8,502",7 Days Replacement,-,,https://www.amazon.in/Yamaha-F310-6-Strings-Acoustic-Natural/dp/B000RVYW7E/ref=sr_1_108?keywords=guitar&qid=1643496441&sr=8-108
131,Hertz,Hertz HZA 4800 6 -Strings Acoustic Guitar - Black,"7,500",7 Days Replacement,"Tuesday, Feb 8",Only 1 left in stock.,https://www.amazon.in/Hertz-4800-Strings-Acoustic-Guitar/dp/B077MFG57G/ref=sr_1_109?keywords=guitar&qid=1643496441&sr=8-109
132,Ketostics,"Ketostics Givson Venus Special Cutaway Rosewood 41 Inch Acoustic Guitar Kit with Bag, Rhythm String Set, Strap and 5 Plectrums, (blue)","3,999",7 Days Replacement,"Friday, Feb 11",In stock.,https://www.amazon.in/Ketostics-Special-Rosewood-Acoustic-Plectrums/dp/B09NSY5W93/ref=sr_1_110?keywords=guitar&qid=1643496441&sr=8-110
133,Juârez,"Juârez JRZ38C/MAH 6 Strings Acoustic Guitar 38 Inch Cutaway, Right Handed, Mahogany with Bag, Strings, Picks and Strap","2,799",7 Days Replacement,"Thursday, Feb 3",In stock.,https://www.amazon.in/JRZ38C-Strings-Acoustic-Cutaway-Mahogany/dp/B071JM8C6T/ref=sr_1_111?keywords=guitar&qid=1643496441&sr=8-111
134,Giuson,"Giuson Venus Rosewood Acoustic Guitar With Bag,Strap,1 Set of Extra Strings and 2 Picks","3,990",7 Days Replacement,"Thursday, Feb 3",Only 1 left in stock.,https://www.amazon.in/Giuson-Venus-Rosewood-Acoustic-Strings/dp/B09FFL198X/ref=sr_1_112?keywords=guitar&qid=1643496441&sr=8-112
135,Blueberry,"Blueberry 38C, 38"" Acoustic Guitar Kit with Bag, Strap, One Pack Strings And Picks (Natural)","2,695",7 Days Replacement,"Tuesday, Feb 8",In stock.,https://www.amazon.in/Blueberry-38C-Acoustic-Strings-Natural/dp/B08KLNFL2Y/ref=sr_1_113?keywords=guitar&qid=1643496441&sr=8-113
136,ketostics,ketostics Givson Acoustic Guitar Bag with 5 Plectrums/Picks string set and Guitar Belt,549,7 Days Replacement,"Friday, Feb 11",In stock.,https://www.amazon.in/ketostics-Givson-Acoustic-Guitar-Plectrums/dp/B081VK8WST/ref=sr_1_114?keywords=guitar&qid=1643496441&sr=8-114
137,Givsun,"Givsun Venus Super Special Black 6-String Cut A Way Right Hand Acoustic Semi-Electric Guitar With Bag And Free 1 Set String,2 Picks","4,289",7 Days Replacement,"Thursday, Feb 3",In stock.,https://www.amazon.in/Givsun-Special-6-String-Acoustic-Semi-Electric/dp/B07ZTX544K/ref=sr_1_115?keywords=guitar&qid=1643496441&sr=8-115
138,JBSG,"JBSG 4-String Acoustic Guitar Learning Kids Toy, Brown 18",699,7 Days Returnable,"Thursday, Feb 17",In stock.,https://www.amazon.in/4-String-Acoustic-Guitar-Learning-Brown/dp/B08RF2CQH3/ref=sr_1_116?keywords=guitar&qid=1643496441&sr=8-116
139,Festra,"Festra 38C, 38 Inch Acoustic Guitar Kit with Bag, Strap, One Pack Strings And 2 Picks (Natural)","2,695",7 Days Replacement,"Tuesday, Feb 8",In stock.,https://www.amazon.in/gp/slredirect/picassoRedirect.html/ref=pa_sp_mtf_aps_sr_pg3_1?ie=UTF8&adId=A094551630GZUK72DI20I&url=%2FFestra-Acoustic-Guitar-Strings-Natural%2Fdp%2FB09JT6C952%2Fref%3Dsr_1_117_sspa%3Fkeywords%3Dguitar%26qid%3D1643496441%26sr%3D8-117-spons%26psc%3D1&qualifier=1643496441&id=2575150352854928&widgetName=sp_mtf
140,Capo,Capo Guitar Capo with 5 Pack Guitar Picks Guitar Capos for Acoustic Guitar Electric Guitar Bass Ukulele (Black),299,7 Days Replacement,"Tuesday, Feb 15",In stock.,https://www.amazon.in/gp/slredirect/picassoRedirect.html/ref=pa_sp_mtf_aps_sr_pg3_1?ie=UTF8&adId=A06514453EDDT111HQGHT&url=%2FGuitar-Picks-Acoustic-Electric-Ukulele%2Fdp%2FB08XB325BX%2Fref%3Dsr_1_118_sspa%3Fkeywords%3Dguitar%26qid%3D1643496441%26sr%3D8-118-spons%26psc%3D1&qualifier=1643496441&id=2575150352854928&widgetName=sp_mtf
141,AKSHARAM,AKSHARAM AHAM 4 String Decor Guitar Children's Musical Instrument Educational Toy Small Guitar for Beginners Kids Child - 23 Inch,"1,199",7 Days Returnable,"Wednesday, Feb 16",In stock.,https://www.amazon.in/gp/slredirect/picassoRedirect.html/ref=pa_sp_mtf_aps_sr_pg3_1?ie=UTF8&adId=A10087032OIIYLKPUR8X3&url=%2FAKSHARAM-AHAM-Childrens-Instrument-Educational%2Fdp%2FB09HMR1ZKM%2Fref%3Dsr_1_119_sspa%3Fkeywords%3Dguitar%26qid%3D1643496441%26sr%3D8-119-spons%26psc%3D1&qualifier=1643496441&id=2575150352854928&widgetName=sp_mtf
142,JOY&TOY,"JOY&TOY Enterprise 4-String Acoustic Guitar Learning Kids Toy, Brown 18""(1 pc)",989,7 Days Replacement,Feb 4 - 10,In stock.,https://www.amazon.in/gp/slredirect/picassoRedirect.html/ref=pa_sp_mtf_aps_sr_pg3_1?ie=UTF8&adId=A023421427JVP0SLXXND&url=%2FJOY-TOY-Enterprise-4-String-Acoustic%2Fdp%2FB098JWG1HD%2Fref%3Dsr_1_120_sspa%3Fkeywords%3Dguitar%26qid%3D1643496441%26sr%3D8-120-spons%26psc%3D1&qualifier=1643496441&id=2575150352854928&widgetName=sp_mtf
143,Medellin,"Medellin 38in Premium All Wood Acoustic Guitar Starter Kit (Black, Super Combo Combo with Bag, Strap, Picks, String Set, Tuner, Stand, Capo)","3,299",7 Days Replacement,"Wednesday, Feb 9",In stock.,https://www.amazon.in/Medellin-Premium-Acoustic-Guitar-Starter/dp/B099MVN9P9/ref=sr_1_121?keywords=guitar&qid=1643496441&sr=8-121
144,AUREUS,AUREUS 4 String Acoustic Guitar Musical Instrument Educational Small Guitar for Beginners Kids Children,999,7 Days Replacement,"Monday, Feb 14",In stock.,https://www.amazon.in/AUREUS-Acoustic-Instrument-Educational-Beginners/dp/B09HHLRZ7S/ref=sr_1_122?keywords=guitar&qid=1643496441&sr=8-122
145,DALUCI,"DALUCI 38C Acoustic Guitar Kit, With Bag, Strings, Pick And Strap (Blue Water Shades) (13588)","3,457",7 Days Replacement,"Monday, Feb 7",Only 1 left in stock.,https://www.amazon.in/DALUCI-Acoustic-Guitar-Strings-Shades/dp/B08LZLNZFR/ref=sr_1_123?keywords=guitar&qid=1643496441&sr=8-123
146,Pluto,Pluto HW39C-201P Electro Acoustic Guitar - Rosewood Fretboard - Natural,"6,100",7 Days Replacement,"Monday, Feb 7",Only 2 left in stock.,https://www.amazon.in/Pluto-HW39C-201P-Electro-Acoustic-Guitar/dp/B07VB4F96V/ref=sr_1_124?keywords=guitar&qid=1643496441&sr=8-124
147,Yamaha,"Yamaha Acoustic Guitar F280 Dreadnought With Mexa Sponge Bag Belt,Plectrums & String Set.(Natural)","8,999",7 Days Replacement,"Tuesday, Feb 8",In stock.,https://www.amazon.in/Acoustic-F280-Dreadnought-Plectrums-Natural/dp/B092TPXZRN/ref=sr_1_125?keywords=guitar&qid=1643496441&sr=8-125
148,Guitar,Guitar Cable | Amplifier Cable,490,7 Days Replacement,"Saturday, Feb 12",In stock.,https://www.amazon.in/SG-Musical-CBLSG06-Guitar-Amplifier/dp/B09R71V5DN/ref=sr_1_126?keywords=guitar&qid=1643496441&sr=8-126
149,Sawtooth,Sawtooth Mahogany Series Solid Mahogany Top Acoustic-Electric Dreadnought Guitar with Padded Gig Bag and Pick Sampler,"2,15,416",7 Days Replacement,Feb 7 - 14,Usually dispatched in 6 to 10 days.,https://www.amazon.in/Sawtooth-Mahogany-Acoustic-Electric-Dreadnought-Sampler/dp/B0785XJWJP/ref=sr_1_127?keywords=guitar&qid=1643496441&sr=8-127
150,OFKLADE,OFKLADE Portable 6 Frets Wood Practice Pocket Guitar Trainer Tool Finger Exerciser,"1,691",7 Days Replacement,Feb 18 - 25,Usually dispatched in 1 to 3 weeks.,https://www.amazon.in/OFKLADE-Portable-Practice-Trainer-Exerciser/dp/B09DKGPNZ7/ref=sr_1_128?keywords=guitar&qid=1643496441&sr=8-128
151,TECHBLAZE,TECHBLAZE 6 Pcs Guitar Keys for Acoustic Guitar Chrome Tuning Pegs Keys 3 Left 3 Right Guitar Machine Heads Knobs With Strap Button Locks Guitar Keys 3R+3L 6 pieces- Chrome,589,7 Days Replacement,-,In stock.,https://www.amazon.in/TECHBLAZE-Guitar-Acoustic-Machine-pieces/dp/B08X6MGB3V/ref=sr_1_129?keywords=guitar&qid=1643496441&sr=8-129
152,Yamaha,"Yamaha FS100C Acoustic Guitar, Natural","9,455",7 Days Replacement,"Thursday, Feb 3",In stock.,https://www.amazon.in/Yamaha-FS100C-Acoustic-Guitar-Natural/dp/B08Z3DVN8N/ref=sr_1_130?keywords=guitar&qid=1643496441&sr=8-130
153,Ketostics,"Ketostics Givson Venus Special Cutaway Rosewood 41 Inch Acoustic Guitar Kit with Bag, Rhythm String Set, Strap and 5 Plectrums, (sunbrust)","3,999",7 Days Replacement,"Friday, Feb 11",In stock.,https://www.amazon.in/Ketostics-Rosewood-Acoustic-Plectrums-sunbrust/dp/B09NSXMVF4/ref=sr_1_131?keywords=guitar&qid=1643496441&sr=8-131
154,SG,SG Musical Guitar Cable | Amplifier Cable KL,490,7 Days Replacement,"Saturday, Feb 12",In stock.,https://www.amazon.in/SG-Musical-Guitar-Cable-Amplifier/dp/B09R71M43N/ref=sr_1_132?keywords=guitar&qid=1643496441&sr=8-132
155,Ketostics™,"Ketostics™ Venus Special Cutaway Rosewood 41 Inch Givson Acoustic Guitar Kit with Bag, Rhythm String Set, Strap and 5 Plectrums, (Black)","4,399",7 Days Replacement,"Thursday, Feb 17",In stock.,https://www.amazon.in/Ketostics-Acoustic-Guitar-string-plactrums/dp/B07SYYQYST/ref=sr_1_133?keywords=guitar&qid=1643496441&sr=8-133
156,Fender,Fender CD 60 Dread V3 DS 6 String Acoustic Guitar - Walnut Fretboard-Sunburst,"11,040",7 Days Replacement,"Friday, Feb 4",In stock.,https://www.amazon.in/Fender-Dread-String-Acoustic-Guitar/dp/B07RM21D8X/ref=sr_1_134?keywords=guitar&qid=1643496441&sr=8-134
157,Techblaze,Techblaze 6 Pieces Guitar Keys for Acoustic Guitar Chrome Tuning Pegs Keys 3 Left 3 Right Guitar Machine Heads Knobs With Strap Button Locks Guitar Keys 3R+3L 6 pcs- Chrome,549,7 Days Replacement,-,In stock.,https://www.amazon.in/Techblaze-Pieces-Guitar-Acoustic-Machine/dp/B08NPJKLD9/ref=sr_1_135?keywords=guitar&qid=1643496441&sr=8-135
158,Cort,"Cort AD810 Dreadnought Acoustic Guitar with Gig Bag,Tuner,Picks and Strap (Natural Bundle)","10,250",7 Days Replacement,"Monday, Feb 7",In stock.,https://www.amazon.in/Cort-AD810-Dreadnought-Acoustic-Guitar/dp/B07KMBVR6V/ref=sr_1_136?keywords=guitar&qid=1643496441&sr=8-136
159,Givson,"Givson Venus Special Cutaway Rosewood 41 Inch Acoustic Guitar Kit with Bag, Rhythm String Set, Strap and 5 Plectrums, (Sunburst)","3,999",7 Days Replacement,"Thursday, Feb 17",In stock.,https://www.amazon.in/Givson-Ketostics-SUNBRUST-Acoustic-Plectrums/dp/B08KS4F33Q/ref=sr_1_137?keywords=guitar&qid=1643496441&sr=8-137
160,"A,Acoustio","A,Acoustio 41 inch 21 fret black matt finish venus acoustic guitar. with cover,1set string,2plectums, 1belt.","3,390",7 Days Replacement,"Monday, Feb 14",In stock.,https://www.amazon.in/Acoustio-venus-acoustic-guitar-2plectums/dp/B096YGTYB7/ref=sr_1_138?keywords=guitar&qid=1643496441&sr=8-138
161,Wilson,Wilson Phosphor Bronze Guitar String (Pack of 6 Strings),277,7 Days Replacement,"Friday, Feb 11",In stock.,https://www.amazon.in/Wilson-Phosphor-Bronze-Guitar-Strings/dp/B07W3DMD9R/ref=sr_1_139?keywords=guitar&qid=1643496441&sr=8-139
162,Belear,"Belear Zebrawood, Acoustic Guitar, 38 Inch with Dual Action Truss Rod, Medium","3,179",7 Days Replacement,-,,https://www.amazon.in/Belear-Zebrawood-Acoustic-Guitar-Action/dp/B09CPQTZZT/ref=sr_1_140?keywords=guitar&qid=1643496441&sr=8-140
163,Hovner,"Hovner Standard 185 Natural Rosewood Fretboard Acoustic Guitar With Bag,Strap,1 Set of Extra Strings and 2 Picks By K-Retail","3,890",7 Days Replacement,"Thursday, Feb 3",In stock.,https://www.amazon.in/Standard-Rosewood-Fretboard-Acoustic-K-Retail/dp/B07KLVKW5Z/ref=sr_1_141?keywords=guitar&qid=1643496441&sr=8-141
164,SG,SG MUSICAL Guitar String 1st+2nd+3rd + 4 pcs. Plectrums + 1 Guitar Holder BYTD,239,7 Days Replacement,"Saturday, Feb 12",In stock.,https://www.amazon.in/SG-MUSICAL-Guitar-String-Plectrums/dp/B095JSQ1NW/ref=sr_1_142?keywords=guitar&qid=1643496441&sr=8-142
165,Musical,"Musical String New Semi Acoustic F cut Guitar 6 string, 21 freet 41 inch, Metalic Black glossy Finished with Black Cover Bag, Strap(Belt), Picks and Extra String Set",,7 Days Replacement,"Thursday, Feb 3",In stock.,https://www.amazon.in/Musical-String-Acoustic-Metalic-Finished/dp/B08Y6F6KHR/ref=sr_1_143?keywords=guitar&qid=1643496441&sr=8-143
166,JUAREZ,"JUAREZ Arpeggio 99.06 cm (39 Inch) Semi-Acoustic Guitar Kit, Spruce Top, Rosewood Fretboard & Bridge, Truss Rod, 4 Band EQ, Chrome Die Cast Machine Tuners, Black","5,646",7 Days Replacement,"Thursday, Feb 3",In stock.,https://www.amazon.in/JUAREZ-Arpeggio-Semi-Acoustic-Rosewood-Fretboard/dp/B08LBG3F36/ref=sr_1_144?keywords=guitar&qid=1643496441&sr=8-144
167,Martin,Martin Smith W-101-RD-PK Acoustic Guitar Super Kit with Stand (Red),"6,349",7 Days Replacement,"Thursday, Feb 3",In stock.,https://www.amazon.in/Martin-Smith-W-101-RD-PK-Acoustic-Guitar/dp/B01EUWC5HE/ref=sr_1_145?keywords=guitar&qid=1643496441&sr=8-145
168,Givson,"Givson Venus Special Cutaway Rosewood 41 Inch Acoustic Guitar Kit with Bag, Rhythm String Set, Strap and 5 Plectrums, (red)","3,999",7 Days Replacement,"Friday, Feb 11",In stock.,https://www.amazon.in/Special-Cutaway-Rosewood-Acoustic-Plectrums/dp/B09P41Y4HZ/ref=sr_1_146?keywords=guitar&qid=1643496441&sr=8-146
169,Vault,Vault ST1 Strat Style 6 String Electric Guitar- Black,"7,599",7 Days Replacement,"Monday, Feb 7",In stock.,https://www.amazon.in/Vault-Strat-String-Electric-Guitar/dp/B08F2BJC5W/ref=sr_1_147?keywords=guitar&qid=1643496441&sr=8-147
170,RockJam,RockJam RJEG02-SK-BK Electric Guitar Starter Kit (Black),,7 Days Replacement,"Sunday, Feb 6",In stock.,https://www.amazon.in/RockJam-RJEG02-SK-BK-Electric-Guitar-Starter/dp/B01M66OZ0V/ref=sr_1_148?keywords=guitar&qid=1643496441&sr=8-148
171,Ketostics™,"Ketostics™ Venus Special Cutaway Rosewood 41 Inch Givson Acoustic Guitar Kit with Bag, Rhythm String Set, Strap and 5 Plectrums, (Blue)","3,999",7 Days Replacement,"Thursday, Feb 17",In stock.,https://www.amazon.in/Ketostics-Givson-Special-Acoustic-Plectrums/dp/B08JCXZGJW/ref=sr_1_149?keywords=guitar&qid=1643496441&sr=8-149
172,SG,SG Musical Acoustic Guitar Strings | guitar string pack of 6 best guitar strings,199,7 Days Replacement,"Saturday, Feb 12",In stock.,https://www.amazon.in/SG-Musical-Acoustic-Strings-strings/dp/B095JQC3VC/ref=sr_1_150?keywords=guitar&qid=1643496441&sr=8-150
173,Ketostics™,"Ketostics™ Venus Special Cutaway Rosewood 41 Inch Givson Venus Special Semi-electric Acoustic Guitar Kit with Bag, Rhythm String Set, Strap and 5 Plectrums, (Black)","4,299",7 Days Replacement,"Thursday, Feb 17",In stock.,https://www.amazon.in/Ketostics-Givson-Special-Semi-electric-Plectrums/dp/B08GSPQ214/ref=sr_1_151?keywords=guitar&qid=1643496441&sr=8-151
174,Kadence,"Kadence Acoustica 40"" Mahogany Left-Handed Acoustic Guitar A03 L with bag","6,823",7 Days Replacement,"Thursday, Feb 10",In stock.,https://www.amazon.in/Kadence-Acoustica-Mahagony-Handed-Acoustic/dp/B07GS7N6TG/ref=sr_1_152?keywords=guitar&qid=1643496441&sr=8-152
175,Vault,Vault EA40 Premium 41 inch Spruce-Top Cutaway Acoustic Guitar,"6,990",7 Days Replacement,"Sunday, Feb 6",In stock.,https://www.amazon.in/gp/slredirect/picassoRedirect.html/ref=pa_sp_btf_aps_sr_pg3_1?ie=UTF8&adId=A09610753VGW0EUUEOMBV&url=%2FPremium-Spruce-Top-Cutaway-Acoustic-Guitar%2Fdp%2FB08FFZY6BJ%2Fref%3Dsr_1_153_sspa%3Fkeywords%3Dguitar%26qid%3D1643496441%26sr%3D8-153-spons%26psc%3D1&qualifier=1643496441&id=2575150352854928&widgetName=sp_btf
176,GUITAR,"GUITAR BRO - COMBO (Blue Acoustic Guitar for Beginner, Guitar Learning Kit, Song Book, Video Lectures, Accessories like Pick, Bag)","6,499",7 Days Replacement,Feb 4 - 8,In stock.,https://www.amazon.in/gp/slredirect/picassoRedirect.html/ref=pa_sp_btf_aps_sr_pg3_1?ie=UTF8&adId=A08791823J4GRMJMKDFMU&url=%2FGUITAR-BRO-Acoustic-Beginner-Accessories%2Fdp%2FB07TC7TWCR%2Fref%3Dsr_1_154_sspa%3Fkeywords%3Dguitar%26qid%3D1643496441%26sr%3D8-154-spons%26psc%3D1&qualifier=1643496441&id=2575150352854928&widgetName=sp_btf
177,Blueberry,"Blueberry 38C, 38"" Acoustic Guitar Kit with Bag, Strap, One Pack Strings And Picks (Natural)","2,695",7 Days Replacement,"Tuesday, Feb 8",In stock.,https://www.amazon.in/gp/slredirect/picassoRedirect.html/ref=pa_sp_btf_aps_sr_pg3_1?ie=UTF8&adId=A0920812W1MXY6FHAAA&url=%2FBlueberry-38C-Acoustic-Strings-Natural%2Fdp%2FB08KLNFL2Y%2Fref%3Dsr_1_155_sspa%3Fkeywords%3Dguitar%26qid%3D1643496441%26sr%3D8-155-spons%26psc%3D1&qualifier=1643496441&id=2575150352854928&widgetName=sp_btf
178,Cort,"Cort Acoustic Guitar CAP810 Right Handed Guitar With Padded Bag, Belt, Plectrums Complete Pack. (OP)","10,790",7 Days Replacement,"Tuesday, Feb 8",In stock.,https://www.amazon.in/gp/slredirect/picassoRedirect.html/ref=pa_sp_btf_aps_sr_pg3_1?ie=UTF8&adId=A0205867OVVE260PPFTY&url=%2FCort-Acoustic-CAP810-Plectrums-Complete%2Fdp%2FB08RCVSNLC%2Fref%3Dsr_1_156_sspa%3Fkeywords%3Dguitar%26qid%3D1643496441%26sr%3D8-156-spons%26psc%3D1&qualifier=1643496441&id=2575150352854928&widgetName=sp_btf
